Symbol,Date,Open,High,Low,Close,Volume
AAPL,2023-01-03,129.9,129.99,129.27,129.82,91164738
AAPL,2023-01-04,128.72,129.41,127.68,128.1,54064354
AAPL,2023-01-05,128.77,129.28,128.56,128.65,86618932
AAPL,2023-01-06,128.54,129.73,126.7,127.44,52841184
AAPL,2023-01-09,126.61,128.8,126.24,128.56,102753686
AAPL,2023-01-10,128.78,130.01,127.37,128.22,84195616
AAPL,2023-01-11,127.35,131.45,126.89,129.42,72373054
AAPL,2023-01-12,129.07,130.2,125.05,126.07,82810987
AAPL,2023-01-13,125.9,126.1,125.28,126.01,56689078
AAPL,2023-01-16,126.27,126.46,125.14,126.2,71653689
AAPL,2023-01-17,126.48,126.67,123.65,125.41,86521857
AAPL,2023-01-18,125.19,125.25,124.18,124.62,72421410
AAPL,2023-01-19,124.57,128.48,124.17,127.39,96749725
AAPL,2023-01-20,126.98,128.37,126.85,127.72,66556395
AAPL,2023-01-23,129.05,129.53,128.46,128.93,86910529
AAPL,2023-01-24,129.71,130.3,125.48,125.63,65447944
AAPL,2023-01-25,125.46,126.85,123.56,124.37,73468526
AAPL,2023-01-26,126.27,126.6,125.69,125.71,54973609
AAPL,2023-01-27,126.22,128.07,125.45,127.86,55835204
AAPL,2023-01-30,129.16,131.19,122.9,123.26,97690934
AAPL,2023-01-31,123.32,126.69,122.49,126.3,66508322
AAPL,2023-02-01,126.09,126.85,125.49,125.82,102575336
AAPL,2023-02-02,125.51,127.45,125.51,126.97,100412961
AAPL,2023-02-03,126.62,128.85,125.82,128.17,60524061
AAPL,2023-02-06,127.45,128.63,126.53,128.46,52530024
AAPL,2023-02-07,128.56,129.99,127.71,128.39,96162440
AAPL,2023-02-08,128.58,129.93,126.97,128.26,56996806
AAPL,2023-02-09,128.28,128.37,126.34,127.64,59240551
AAPL,2023-02-10,127.75,127.9,123.83,125.35,74714741
AAPL,2023-02-13,126.03,126.09,125.51,126.01,68865105
AAPL,2023-02-14,125.98,129.71,125.63,128.85,58852720
AAPL,2023-02-15,129.37,129.85,128.93,129.23,64061412
AAPL,2023-02-16,129.58,132.03,127.91,131.8,97630858
AAPL,2023-02-17,131.99,133.49,131.51,133.22,59446372
AAPL,2023-02-20,132.91,137.13,132.67,135.72,94893592
AAPL,2023-02-21,135.98,136.94,135.62,136.16,77018795
AAPL,2023-02-22,135.25,136.24,135.21,135.87,73637617
AAPL,2023-02-23,136.9,136.9,133.3,133.82,76052211
AAPL,2023-02-24,134.05,134.05,130.7,132.5,75764364
AAPL,2023-02-27,131.92,137.13,130.98,134.22,96391448
AAPL,2023-02-28,133.95,139.13,133.56,138.84,77996159
AAPL,2023-03-01,139.46,140.22,139.14,139.43,104228714
AAPL,2023-03-02,140.52,141.37,138.95,139.19,102759176
AAPL,2023-03-03,139.17,142.06,138.7,141.96,68077160
AAPL,2023-03-06,141.8,146.21,141.43,144.82,55501176
AAPL,2023-03-07,144.43,144.74,142.32,142.72,102940892
AAPL,2023-03-08,142.92,145.11,142.2,144.04,64848204
AAPL,2023-03-09,144.97,147.5,143.8,147.47,85017529
AAPL,2023-03-10,147.9,149.95,144.74,145.03,63223607
AAPL,2023-03-13,144.56,145.84,143.77,144.81,68249846
AAPL,2023-03-14,145.81,146.68,143.04,143.46,104918858
AAPL,2023-03-15,143.45,144.57,142.79,144.41,101496117
AAPL,2023-03-16,143.5,148.14,143.13,147.79,96271610
AAPL,2023-03-17,146.91,148.31,146.81,147.03,52910713
AAPL,2023-03-20,146.52,149.0,144.74,147.91,59550283
AAPL,2023-03-21,148.12,149.49,147.89,148.82,84253565
AAPL,2023-03-22,148.38,149.09,147.86,148.63,78147922
AAPL,2023-03-23,147.9,153.12,147.39,152.32,67025711
AAPL,2023-03-24,152.35,156.84,151.81,156.36,91414622
AAPL,2023-03-27,156.12,156.49,154.12,154.14,98863085
AAPL,2023-03-28,153.65,157.28,152.6,156.65,60274923
AAPL,2023-03-29,157.08,159.54,156.08,158.18,97686885
AAPL,2023-03-30,157.89,159.62,157.45,159.62,93456102
AAPL,2023-03-31,159.13,161.98,158.75,161.57,101318753
AAPL,2023-04-03,160.08,166.84,158.24,166.07,53801283
AAPL,2023-04-04,165.4,167.64,164.65,166.01,97863361
AAPL,2023-04-05,165.46,166.98,165.0,166.87,98288756
AAPL,2023-04-06,166.46,168.58,165.45,168.12,68522520
AAPL,2023-04-07,167.6,169.42,167.5,168.76,69733752
AAPL,2023-04-10,167.27,173.52,165.86,173.25,73483115
AAPL,2023-04-11,173.14,177.08,172.95,176.59,103446032
AAPL,2023-04-12,178.42,179.73,177.91,179.68,75314597
AAPL,2023-04-13,178.98,180.52,178.18,179.51,72722760
AAPL,2023-04-14,179.22,179.24,177.76,177.82,101092696
AAPL,2023-04-17,177.51,177.59,172.28,173.83,71621627
AAPL,2023-04-18,174.32,177.9,173.52,177.45,97020802
AAPL,2023-04-19,176.79,177.57,175.78,177.17,73626020
AAPL,2023-04-20,177.57,179.79,175.71,176.92,88059192
AAPL,2023-04-21,176.29,180.5,175.02,180.07,52521311
AAPL,2023-04-24,180.91,182.3,178.8,179.56,76911879
AAPL,2023-04-25,179.76,182.05,177.57,177.96,94291299
AAPL,2023-04-26,178.26,180.16,178.11,178.65,70097383
AAPL,2023-04-27,177.43,181.02,176.76,180.66,62954321
AAPL,2023-04-28,180.75,184.92,180.42,182.81,56323482
AAPL,2023-05-01,183.4,183.98,178.08,179.64,78454801
AAPL,2023-05-02,180.82,182.63,179.87,179.93,92927424
AAPL,2023-05-03,180.46,183.54,178.02,182.3,79692781
AAPL,2023-05-04,182.49,185.12,181.5,184.41,94574371
AAPL,2023-05-05,182.27,184.48,178.99,180.49,99299861
AAPL,2023-05-08,179.65,181.68,177.3,177.36,81263277
AAPL,2023-05-09,176.57,181.84,176.44,181.01,65480086
AAPL,2023-05-10,179.95,181.45,177.95,178.15,66916365
AAPL,2023-05-11,178.46,180.36,177.53,180.23,80857991
AAPL,2023-05-12,180.68,182.23,179.09,181.64,55872014
AAPL,2023-05-15,182.2,182.84,178.57,178.94,74557534
AAPL,2023-05-16,178.34,182.74,176.35,182.02,92693715
AAPL,2023-05-17,182.08,183.17,180.48,181.95,97306017
AAPL,2023-05-18,181.7,184.84,180.33,184.82,84170760
AAPL,2023-05-19,185.4,185.65,185.22,185.33,70146801
AAPL,2023-05-22,184.56,185.19,183.19,184.26,59200459
AAPL,2023-05-23,184.13,185.25,183.06,183.94,53922857
AAPL,2023-05-24,183.59,183.93,183.08,183.16,72402952
AAPL,2023-05-25,183.87,183.97,182.8,183.89,91980515
AAPL,2023-05-26,183.34,185.26,183.23,185.07,80819500
AAPL,2023-05-29,185.07,188.94,183.5,187.79,86717119
AAPL,2023-05-30,185.72,188.19,185.51,188.12,60500073
AAPL,2023-05-31,189.02,191.96,188.71,191.22,89221910
AAPL,2023-06-01,190.7,193.05,189.51,191.56,58512975
AAPL,2023-06-02,189.54,195.06,189.38,194.85,68877755
AAPL,2023-06-05,192.87,194.33,190.66,191.76,56489815
AAPL,2023-06-06,190.63,192.21,189.27,190.44,97140395
AAPL,2023-06-07,190.18,192.16,189.22,189.42,70728197
AAPL,2023-06-08,189.78,190.82,187.07,187.11,97102720
AAPL,2023-06-09,186.75,189.39,186.36,187.84,96007133
AAPL,2023-06-12,186.97,187.49,184.07,187.19,66679325
AAPL,2023-06-13,186.21,189.79,186.09,188.59,90878876
AAPL,2023-06-14,190.24,190.48,187.68,188.1,98785637
AAPL,2023-06-15,189.05,189.9,187.67,188.37,54006749
AAPL,2023-06-16,187.94,190.06,185.98,189.58,70367789
AAPL,2023-06-19,188.67,192.99,188.51,192.96,102273285
AAPL,2023-06-20,193.67,199.07,193.53,197.08,88756990
AAPL,2023-06-21,196.26,196.4,194.65,195.15,64133811
AAPL,2023-06-22,194.45,195.6,193.76,194.41,80373401
AAPL,2023-06-23,195.06,195.95,188.71,190.26,66723112
AAPL,2023-06-26,190.69,190.89,189.86,190.4,80632858
AAPL,2023-06-27,189.85,190.97,188.57,190.69,90540712
AAPL,2023-06-28,190.54,194.4,190.03,194.29,62691172
AAPL,2023-06-29,194.83,196.27,194.57,194.7,66901344
AAPL,2023-06-30,194.52,198.72,193.95,198.52,98094212
AAPL,2023-07-03,198.62,199.82,192.06,192.64,75624611
AAPL,2023-07-04,192.9,194.4,192.42,193.17,95661071
AAPL,2023-07-05,193.37,193.63,192.12,192.4,60332873
AAPL,2023-07-06,192.12,192.7,190.27,190.29,92633280
AAPL,2023-07-07,189.35,189.56,185.14,186.48,76152009
AAPL,2023-07-10,187.07,188.03,181.38,181.44,85103934
AAPL,2023-07-11,180.59,181.29,177.9,178.14,63578822
AAPL,2023-07-12,177.74,177.93,177.08,177.45,52640475
AAPL,2023-07-13,177.78,177.98,173.46,174.19,89615181
AAPL,2023-07-14,173.36,174.4,171.18,173.49,93860971
AAPL,2023-07-17,172.68,173.68,170.48,170.92,81089524
AAPL,2023-07-18,169.57,169.75,167.35,167.69,61210946
AAPL,2023-07-19,168.86,169.62,165.99,166.34,59028567
AAPL,2023-07-20,165.26,166.35,164.61,165.02,78424249
AAPL,2023-07-21,165.12,166.57,164.76,165.77,65644314
AAPL,2023-07-24,166.81,171.93,165.69,171.24,102416279
AAPL,2023-07-25,171.24,175.25,170.95,175.21,92204113
AAPL,2023-07-26,175.42,176.0,171.27,171.6,83229805
AAPL,2023-07-27,170.93,171.73,169.24,169.75,69998690
AAPL,2023-07-28,168.43,169.18,166.11,167.47,67631434
AAPL,2023-07-31,167.0,173.02,166.66,171.94,69012150
MSFT,2023-01-03,242.39,243.74,235.34,236.24,41750503
MSFT,2023-01-04,235.2,235.93,233.72,234.16,28597366
MSFT,2023-01-05,232.78,234.59,231.9,234.53,32533612
MSFT,2023-01-06,234.07,238.11,233.44,237.89,41436083
MSFT,2023-01-09,237.42,238.34,234.77,236.17,32597279
MSFT,2023-01-10,237.88,246.25,237.11,244.95,23466789
MSFT,2023-01-11,243.9,247.47,242.31,247.13,26741922
MSFT,2023-01-12,244.62,252.32,242.89,252.25,29055306
MSFT,2023-01-13,251.65,258.24,249.71,256.16,26801195
MSFT,2023-01-16,255.08,258.86,254.4,257.29,38231538
MSFT,2023-01-17,258.18,262.74,254.11,256.87,31282447
MSFT,2023-01-18,257.95,260.78,256.44,259.74,32412031
MSFT,2023-01-19,260.01,260.86,254.81,256.87,33007750
MSFT,2023-01-20,258.72,261.02,257.07,257.72,35809785
MSFT,2023-01-23,256.73,260.66,254.45,259.27,41597180
MSFT,2023-01-24,259.28,261.22,258.45,258.48,39263706
MSFT,2023-01-25,257.65,263.03,257.39,261.43,36171320
MSFT,2023-01-26,262.29,263.23,255.79,257.13,41353276
MSFT,2023-01-27,258.54,260.21,252.16,254.41,38899168
MSFT,2023-01-30,253.6,257.75,251.53,256.82,36947437
MSFT,2023-01-31,256.61,259.55,255.76,257.7,40339511
MSFT,2023-02-01,257.67,264.5,257.41,263.88,34308704
MSFT,2023-02-02,263.02,267.99,260.03,266.88,21965810
MSFT,2023-02-03,265.98,268.57,265.39,267.98,32154492
MSFT,2023-02-06,267.18,267.47,261.58,262.1,39287631
MSFT,2023-02-07,261.54,262.23,259.9,260.32,30684148
MSFT,2023-02-08,261.16,263.8,260.3,260.46,39925397
MSFT,2023-02-09,259.88,261.13,259.25,259.73,33339005
MSFT,2023-02-10,258.85,258.85,254.69,257.48,25183556
MSFT,2023-02-13,258.3,258.45,252.73,254.58,33071050
MSFT,2023-02-14,254.54,259.85,254.25,257.76,26764087
MSFT,2023-02-15,257.1,257.12,252.49,252.94,33734536
MSFT,2023-02-16,252.99,253.56,243.08,245.48,33748364
MSFT,2023-02-17,246.65,248.16,241.33,242.74,36139495
MSFT,2023-02-20,241.1,243.12,237.34,239.43,34573152
MSFT,2023-02-21,240.44,242.36,237.27,238.31,22892800
MSFT,2023-02-22,239.9,240.22,236.32,236.95,32327562
MSFT,2023-02-23,236.73,243.34,235.44,241.16,26396371
MSFT,2023-02-24,240.12,243.88,238.03,243.1,28113020
MSFT,2023-02-27,244.84,252.15,242.08,249.84,39062952
MSFT,2023-02-28,246.94,250.92,246.43,248.46,28681276
MSFT,2023-03-01,248.29,250.3,247.94,248.81,35129396
MSFT,2023-03-02,247.59,249.04,243.89,246.84,23275268
MSFT,2023-03-03,247.07,248.45,245.89,247.12,40220374
MSFT,2023-03-06,247.49,248.9,244.77,247.54,27345993
MSFT,2023-03-07,247.85,248.97,245.75,246.14,31345116
MSFT,2023-03-08,247.38,253.26,246.23,252.24,35080210
MSFT,2023-03-09,249.68,254.1,248.56,252.07,24244980
MSFT,2023-03-10,252.32,253.76,250.79,250.89,40981952
MSFT,2023-03-13,251.1,257.67,249.9,254.4,38964454
MSFT,2023-03-14,255.35,262.85,254.26,259.0,28532150
MSFT,2023-03-15,259.42,261.45,255.38,257.32,30549064
MSFT,2023-03-16,256.0,256.24,254.67,254.84,37522686
MSFT,2023-03-17,255.39,255.89,254.91,255.12,37068304
MSFT,2023-03-20,255.84,256.86,254.91,255.99,24098637
MSFT,2023-03-21,255.94,256.92,255.32,256.41,23729834
MSFT,2023-03-22,257.08,257.25,256.33,256.61,21312066
MSFT,2023-03-23,255.84,257.87,255.05,257.47,22100379
MSFT,2023-03-24,256.15,257.49,254.52,257.45,37338357
MSFT,2023-03-27,257.41,260.89,255.85,255.93,21910665
MSFT,2023-03-28,253.82,259.21,253.61,257.63,41244549
MSFT,2023-03-29,258.09,263.48,256.81,261.66,31295645
MSFT,2023-03-30,261.43,264.84,260.46,263.08,22379326
MSFT,2023-03-31,264.63,265.88,262.08,262.47,41887182
MSFT,2023-04-03,262.24,262.77,258.3,258.71,35737367
MSFT,2023-04-04,257.45,262.36,255.16,262.08,25515484
MSFT,2023-04-05,262.32,263.18,258.41,259.77,29735782
MSFT,2023-04-06,260.42,263.88,259.2,263.15,24205417
MSFT,2023-04-07,262.96,264.9,262.39,264.58,23027853
MSFT,2023-04-10,262.55,266.16,261.87,264.32,32793314
MSFT,2023-04-11,264.82,266.15,261.88,263.62,36755969
MSFT,2023-04-12,262.32,269.81,261.93,267.82,28384569
MSFT,2023-04-13,267.45,268.04,264.87,265.75,23272586
MSFT,2023-04-14,264.87,268.13,262.94,267.97,37951648
MSFT,2023-04-17,265.45,274.79,263.59,273.91,34496682
MSFT,2023-04-18,274.34,283.43,273.28,282.83,24788737
MSFT,2023-04-19,281.85,282.15,281.7,282.06,39267116
MSFT,2023-04-20,281.57,282.97,276.91,278.63,21643799
MSFT,2023-04-21,277.82,280.04,277.13,278.79,28771114
MSFT,2023-04-24,276.79,278.41,276.52,277.81,22104785
MSFT,2023-04-25,279.16,281.58,278.05,281.0,34900712
MSFT,2023-04-26,281.11,281.49,274.42,276.99,23390167
MSFT,2023-04-27,277.39,278.17,272.75,274.35,35009783
MSFT,2023-04-28,274.68,278.43,274.57,278.27,27329806
MSFT,2023-05-01,278.89,279.05,277.5,279.0,21162328
MSFT,2023-05-02,278.27,280.96,276.61,279.18,31505509
MSFT,2023-05-03,277.34,285.77,275.99,282.94,21888347
MSFT,2023-05-04,283.25,293.42,281.67,292.03,33041393
MSFT,2023-05-05,290.8,291.44,290.58,291.19,27820131
MSFT,2023-05-08,289.58,295.04,286.41,293.22,22850727
MSFT,2023-05-09,292.46,296.88,291.4,295.17,29311100
MSFT,2023-05-10,296.22,296.72,293.14,294.01,31720148
MSFT,2023-05-11,294.98,299.23,294.13,297.95,36274961
MSFT,2023-05-12,295.86,301.49,294.93,301.41,25142707
MSFT,2023-05-15,300.13,300.72,295.09,295.95,37229809
MSFT,2023-05-16,296.03,296.14,287.49,289.25,40407239
MSFT,2023-05-17,288.57,290.86,281.96,284.2,34171565
MSFT,2023-05-18,284.56,286.57,284.08,285.3,26768147
MSFT,2023-05-19,285.79,290.65,284.16,289.99,22194691
MSFT,2023-05-22,289.57,293.13,287.17,291.02,33915176
MSFT,2023-05-23,290.96,293.68,285.77,286.72,39813412
MSFT,2023-05-24,287.4,288.22,278.87,280.0,30988209
MSFT,2023-05-25,280.34,283.72,278.3,281.04,28212193
MSFT,2023-05-26,279.68,280.78,278.64,280.23,30192923
MSFT,2023-05-29,280.76,281.58,274.77,276.02,26940765
MSFT,2023-05-30,276.59,278.82,271.73,273.29,34593412
MSFT,2023-05-31,273.5,275.62,272.37,275.07,36198406
MSFT,2023-06-01,272.98,273.94,269.67,270.65,33237529
MSFT,2023-06-02,271.47,275.4,271.0,273.08,29231117
MSFT,2023-06-05,271.56,272.1,264.49,265.84,37624901
MSFT,2023-06-06,264.31,269.37,262.18,268.2,35393703
MSFT,2023-06-07,267.93,269.19,262.43,263.08,28614551
MSFT,2023-06-08,263.77,266.0,263.22,264.38,25757403
MSFT,2023-06-09,264.72,265.93,264.15,265.55,37188369
MSFT,2023-06-12,263.56,271.02,263.25,269.69,37092459
MSFT,2023-06-13,270.5,273.91,268.07,272.4,37193054
MSFT,2023-06-14,271.76,274.91,271.16,273.45,35203621
MSFT,2023-06-15,274.69,275.25,271.5,273.99,30427487
MSFT,2023-06-16,273.78,274.4,269.39,270.98,38537381
MSFT,2023-06-19,273.02,274.71,264.83,264.99,26917206
MSFT,2023-06-20,265.91,268.59,261.28,261.85,37826443
MSFT,2023-06-21,262.49,265.75,260.17,263.85,32645355
MSFT,2023-06-22,265.14,270.5,264.16,269.77,37025453
MSFT,2023-06-23,272.2,273.18,267.53,268.82,40874678
MSFT,2023-06-26,270.04,270.25,269.48,269.76,22118394
MSFT,2023-06-27,269.75,271.21,267.16,267.21,21591938
MSFT,2023-06-28,266.31,275.51,264.17,273.91,23889591
MSFT,2023-06-29,276.02,276.3,271.68,272.47,35816259
MSFT,2023-06-30,272.51,273.54,271.76,272.32,38534225
MSFT,2023-07-03,271.76,272.49,266.55,266.68,27050133
MSFT,2023-07-04,267.01,269.34,265.24,266.52,30599385
MSFT,2023-07-05,268.08,273.18,267.92,272.95,31822890
MSFT,2023-07-06,273.59,275.5,272.37,273.28,26051849
MSFT,2023-07-07,274.13,277.7,266.51,268.6,22421265
MSFT,2023-07-10,268.38,270.29,264.26,264.4,29199528
MSFT,2023-07-11,264.69,265.82,259.31,259.44,21341086
MSFT,2023-07-12,258.47,260.67,256.45,260.45,37201528
MSFT,2023-07-13,259.47,262.11,258.97,260.35,38083686
MSFT,2023-07-14,262.04,265.65,261.54,263.43,34266452
MSFT,2023-07-17,263.06,264.41,261.45,264.14,27162293
MSFT,2023-07-18,264.34,270.09,263.44,266.73,31823055
MSFT,2023-07-19,266.63,271.66,264.13,271.61,25013172
MSFT,2023-07-20,273.17,274.08,266.69,267.7,23613975
MSFT,2023-07-21,269.44,269.57,259.48,262.6,29119540
MSFT,2023-07-24,262.39,270.46,262.34,267.06,31904792
MSFT,2023-07-25,265.34,270.98,264.38,269.18,38269166
MSFT,2023-07-26,268.9,270.84,265.15,266.21,27436412
MSFT,2023-07-27,265.5,266.01,262.0,263.28,21889458
MSFT,2023-07-28,262.53,267.03,262.52,265.84,41580572
MSFT,2023-07-31,265.7,268.36,264.62,267.44,37823015
GOOGL,2023-01-03,88.92,89.47,87.67,88.35,34913714
GOOGL,2023-01-04,88.39,89.11,87.79,89.0,27103946
GOOGL,2023-01-05,88.73,89.4,85.7,87.08,26891462
GOOGL,2023-01-06,86.47,87.94,86.35,87.32,32331390
GOOGL,2023-01-09,87.55,87.62,86.65,87.39,27184952
GOOGL,2023-01-10,87.25,87.29,85.66,86.33,39128756
GOOGL,2023-01-11,87.34,87.66,85.61,85.63,36315395
GOOGL,2023-01-12,85.92,86.17,82.46,82.55,32965813
GOOGL,2023-01-13,82.23,83.48,82.05,83.35,30226558
GOOGL,2023-01-16,82.8,86.03,81.47,85.69,32098920
GOOGL,2023-01-17,85.16,86.56,84.88,86.26,22321986
GOOGL,2023-01-18,86.16,86.98,85.96,86.42,35351769
GOOGL,2023-01-19,86.22,86.68,84.19,84.46,39192062
GOOGL,2023-01-20,83.91,84.31,82.79,84.17,21045513
GOOGL,2023-01-23,84.06,87.27,83.78,86.38,26352489
GOOGL,2023-01-24,85.82,88.66,85.52,88.4,38538786
GOOGL,2023-01-25,88.83,89.14,85.17,85.28,22599103
GOOGL,2023-01-26,85.63,86.18,85.08,86.04,38041719
GOOGL,2023-01-27,85.49,88.47,84.62,88.47,30396491
GOOGL,2023-01-30,88.76,90.24,88.6,89.5,22905263
GOOGL,2023-01-31,89.4,91.0,88.54,90.44,31460722
GOOGL,2023-02-01,89.91,91.73,89.77,91.66,20491051
GOOGL,2023-02-02,91.16,91.81,89.47,90.37,27765100
GOOGL,2023-02-03,89.93,90.3,88.84,89.22,38350343
GOOGL,2023-02-06,89.31,89.52,85.93,86.41,21030271
GOOGL,2023-02-07,86.59,88.47,86.55,88.04,31490541
GOOGL,2023-02-08,88.74,88.87,85.9,87.14,38717332
GOOGL,2023-02-09,87.47,88.76,87.26,88.24,28742862
GOOGL,2023-02-10,88.6,89.03,87.88,88.18,27129336
GOOGL,2023-02-13,87.94,88.19,87.07,87.35,26017742
GOOGL,2023-02-14,87.16,87.22,85.49,86.22,29688606
GOOGL,2023-02-15,86.22,87.7,84.75,84.96,29506711
GOOGL,2023-02-16,84.89,86.19,84.73,86.07,29299926
GOOGL,2023-02-17,85.61,88.58,85.47,87.81,36204578
GOOGL,2023-02-20,88.22,88.37,83.88,84.91,26772372
GOOGL,2023-02-21,85.26,85.53,82.65,83.37,21041222
GOOGL,2023-02-22,83.35,83.68,79.17,80.89,32935813
GOOGL,2023-02-23,81.7,84.7,81.05,83.86,26246071
GOOGL,2023-02-24,83.58,86.5,82.9,86.27,29401526
GOOGL,2023-02-27,86.34,87.5,85.73,87.15,28556975
GOOGL,2023-02-28,86.8,87.21,84.99,85.74,22785040
GOOGL,2023-03-01,85.7,88.51,85.17,88.33,35834471
GOOGL,2023-03-02,88.18,88.54,84.87,85.95,26819813
GOOGL,2023-03-03,84.8,85.74,83.49,84.03,33816354
GOOGL,2023-03-06,83.93,85.52,83.68,83.96,34944918
GOOGL,2023-03-07,83.37,84.49,82.59,84.35,22942036
GOOGL,2023-03-08,83.89,84.08,82.68,82.96,32942247
GOOGL,2023-03-09,83.17,86.68,83.1,86.59,25748372
GOOGL,2023-03-10,87.17,88.97,86.59,88.04,37642210
GOOGL,2023-03-13,87.48,90.24,87.35,89.91,23663897
GOOGL,2023-03-14,90.55,91.11,88.81,88.9,22994375
GOOGL,2023-03-15,88.67,90.9,87.8,90.22,33730121
GOOGL,2023-03-16,89.63,89.95,88.47,88.74,24431775
GOOGL,2023-03-17,88.62,89.15,87.66,87.75,25264481
GOOGL,2023-03-20,88.46,88.71,87.92,88.47,37900527
GOOGL,2023-03-21,88.1,89.59,87.44,88.9,27042006
GOOGL,2023-03-22,88.79,93.05,88.46,91.9,25292871
GOOGL,2023-03-23,92.66,93.07,90.78,91.36,24626301
GOOGL,2023-03-24,91.4,92.89,89.98,90.34,33244957
GOOGL,2023-03-27,90.85,92.3,90.6,91.88,32728745
GOOGL,2023-03-28,91.74,92.39,89.42,89.64,33660217
GOOGL,2023-03-29,90.13,92.79,90.1,91.95,37810353
GOOGL,2023-03-30,92.59,93.14,88.3,88.8,23509337
GOOGL,2023-03-31,88.71,91.1,87.6,90.24,21353430
GOOGL,2023-04-03,89.97,90.23,87.04,88.52,37499302
GOOGL,2023-04-04,89.4,90.74,88.11,90.09,39144567
GOOGL,2023-04-05,90.43,91.97,88.02,88.65,37750378
GOOGL,2023-04-06,88.6,89.16,88.47,88.88,38866680
GOOGL,2023-04-07,90.29,91.02,87.71,87.91,37995785
GOOGL,2023-04-10,87.48,89.14,87.19,89.03,22784887
GOOGL,2023-04-11,89.12,89.53,86.96,87.91,35099046
GOOGL,2023-04-12,87.58,88.14,84.48,85.56,37182038
GOOGL,2023-04-13,85.07,87.28,84.6,86.49,23221711
GOOGL,2023-04-14,86.81,87.44,86.32,87.43,24216216
GOOGL,2023-04-17,86.26,87.91,85.32,87.59,19824140
GOOGL,2023-04-18,86.99,87.28,86.16,86.28,25613404
GOOGL,2023-04-19,86.59,87.36,84.25,84.83,25695167
GOOGL,2023-04-20,85.52,87.65,84.7,87.41,23894920
GOOGL,2023-04-21,87.61,88.1,86.75,88.09,27750574
GOOGL,2023-04-24,87.93,88.84,86.25,86.46,23880867
GOOGL,2023-04-25,87.24,87.42,86.39,86.57,28356260
GOOGL,2023-04-26,86.39,86.66,86.3,86.46,30333925
GOOGL,2023-04-27,86.44,86.77,84.06,84.5,29798694
GOOGL,2023-04-28,84.71,85.57,84.58,85.34,29603356
GOOGL,2023-05-01,84.87,86.7,84.81,86.02,20731640
GOOGL,2023-05-02,86.22,86.32,82.77,83.36,35602483
GOOGL,2023-05-03,82.77,83.9,82.62,83.37,20849694
GOOGL,2023-05-04,83.33,88.26,82.74,86.94,20222003
GOOGL,2023-05-05,87.38,87.55,83.08,84.76,32259264
GOOGL,2023-05-08,85.45,86.37,79.83,80.62,37372639
GOOGL,2023-05-09,81.08,81.46,78.52,79.12,32409268
GOOGL,2023-05-10,79.34,80.02,78.51,78.67,33866019
GOOGL,2023-05-11,78.7,79.22,78.63,78.75,32800597
GOOGL,2023-05-12,78.61,78.8,76.75,77.13,26384730
GOOGL,2023-05-15,78.1,78.14,76.4,76.67,35465772
GOOGL,2023-05-16,77.01,77.08,74.62,74.68,23639199
GOOGL,2023-05-17,74.74,75.71,74.26,75.02,20554055
GOOGL,2023-05-18,74.61,75.04,74.24,75.0,36529112
GOOGL,2023-05-19,75.17,76.81,74.2,76.56,33937742
GOOGL,2023-05-22,77.07,77.3,75.42,75.84,25514582
GOOGL,2023-05-23,76.31,77.23,75.85,77.15,20794769
GOOGL,2023-05-24,76.88,80.61,76.47,79.92,27973131
GOOGL,2023-05-25,79.95,80.75,75.84,76.13,35001770
GOOGL,2023-05-26,76.52,76.84,75.17,75.6,34386555
GOOGL,2023-05-29,75.73,76.0,72.27,73.05,35393212
GOOGL,2023-05-30,72.79,75.23,72.66,74.56,22228217
GOOGL,2023-05-31,74.83,75.57,73.69,74.66,36203814
GOOGL,2023-06-01,75.02,76.68,74.62,76.52,32803969
GOOGL,2023-06-02,76.01,76.36,73.51,74.35,33796382
GOOGL,2023-06-05,74.18,74.51,72.63,72.98,38357587
GOOGL,2023-06-06,73.07,76.38,73.01,76.11,39191611
GOOGL,2023-06-07,76.15,76.44,74.94,75.16,37536478
GOOGL,2023-06-08,74.93,75.42,72.57,73.01,26641487
GOOGL,2023-06-09,73.48,73.72,72.95,72.95,38833841
GOOGL,2023-06-12,73.09,73.52,70.29,70.54,27713031
GOOGL,2023-06-13,70.44,70.68,69.46,69.77,37921261
GOOGL,2023-06-14,69.58,69.84,68.32,68.68,27044859
GOOGL,2023-06-15,68.3,69.89,67.68,69.46,24643604
GOOGL,2023-06-16,68.58,71.3,68.13,70.93,22897379
GOOGL,2023-06-19,70.71,71.31,70.13,71.2,37571228
GOOGL,2023-06-20,71.06,71.19,69.43,69.48,36195268
GOOGL,2023-06-21,69.29,71.33,68.78,71.28,36113876
GOOGL,2023-06-22,71.88,72.49,71.53,71.57,26914733
GOOGL,2023-06-23,71.18,71.62,69.83,70.22,29161945
GOOGL,2023-06-26,70.24,72.51,70.19,71.88,24984918
GOOGL,2023-06-27,71.87,72.48,71.16,72.18,35400886
GOOGL,2023-06-28,72.08,73.0,71.91,72.76,23361868
GOOGL,2023-06-29,72.64,72.7,69.93,70.44,26911811
GOOGL,2023-06-30,70.71,71.07,69.12,69.14,33007215
GOOGL,2023-07-03,68.7,70.78,68.05,70.24,21432609
GOOGL,2023-07-04,70.57,70.64,69.11,69.13,22959118
GOOGL,2023-07-05,69.13,69.27,67.24,67.86,36416022
GOOGL,2023-07-06,68.11,69.48,68.02,69.15,36615091
GOOGL,2023-07-07,68.87,70.47,68.81,70.28,37741462
GOOGL,2023-07-10,69.99,72.81,69.75,71.65,25763899
GOOGL,2023-07-11,71.53,73.38,70.72,73.37,27406601
GOOGL,2023-07-12,73.48,74.18,72.48,74.12,27227469
GOOGL,2023-07-13,73.9,75.14,73.61,75.13,38974167
GOOGL,2023-07-14,74.66,75.11,74.63,74.93,28166929
GOOGL,2023-07-17,74.62,75.8,73.29,75.64,27375379
GOOGL,2023-07-18,75.54,76.0,73.85,75.75,29215827
GOOGL,2023-07-19,76.52,77.28,73.48,73.81,32549169
GOOGL,2023-07-20,74.09,75.71,73.29,75.45,21207944
GOOGL,2023-07-21,75.98,77.32,75.31,76.72,25806893
GOOGL,2023-07-24,76.75,77.08,76.26,76.89,24887422
GOOGL,2023-07-25,77.09,78.22,76.87,77.55,27597665
GOOGL,2023-07-26,77.61,79.54,77.19,78.9,25958834
GOOGL,2023-07-27,79.13,79.31,77.93,78.08,37262266
GOOGL,2023-07-28,77.43,81.68,77.28,81.36,27062347
GOOGL,2023-07-31,81.64,82.43,81.63,82.22,28119654
AMZN,2023-01-03,85.31,85.82,82.92,83.18,52356782
AMZN,2023-01-04,82.66,82.78,81.19,81.51,54795635
AMZN,2023-01-05,81.36,84.06,80.47,83.1,55840752
AMZN,2023-01-06,83.97,85.24,79.96,81.46,47717227
AMZN,2023-01-09,82.64,82.83,79.08,79.66,82512134
AMZN,2023-01-10,79.57,81.43,78.8,81.15,66186929
AMZN,2023-01-11,81.67,81.96,80.65,81.3,46783288
AMZN,2023-01-12,81.02,82.05,78.86,79.16,65104164
AMZN,2023-01-13,78.99,81.28,78.27,81.08,54235910
AMZN,2023-01-16,80.15,80.35,79.3,79.99,62970735
AMZN,2023-01-17,79.7,80.3,78.25,79.18,75141224
AMZN,2023-01-18,79.9,84.75,79.81,84.01,63277731
AMZN,2023-01-19,83.6,87.87,83.25,86.57,57100238
AMZN,2023-01-20,86.14,88.72,85.9,88.51,74296070
AMZN,2023-01-23,88.05,88.19,87.39,87.58,83311544
AMZN,2023-01-24,87.06,87.09,84.81,86.79,60079132
AMZN,2023-01-25,86.82,89.27,86.76,88.33,66381768
AMZN,2023-01-26,88.04,89.07,85.69,86.52,66720778
AMZN,2023-01-27,86.52,86.87,84.79,84.84,59470967
AMZN,2023-01-30,84.77,86.2,84.62,85.81,55099394
AMZN,2023-01-31,85.92,86.77,84.55,84.64,60402969
AMZN,2023-02-01,84.18,84.6,82.89,84.17,46833581
AMZN,2023-02-02,83.52,86.0,83.12,85.8,83323819
AMZN,2023-02-03,86.15,86.67,85.09,85.91,82255430
AMZN,2023-02-06,86.48,86.92,85.21,86.2,60149647
AMZN,2023-02-07,86.34,89.18,85.38,88.84,58331102
AMZN,2023-02-08,88.46,88.56,87.04,88.54,44627677
AMZN,2023-02-09,89.25,92.06,88.61,91.78,61217117
AMZN,2023-02-10,92.98,94.13,91.34,91.54,67072774
AMZN,2023-02-13,91.02,91.91,88.32,89.56,67929232
AMZN,2023-02-14,88.71,91.15,87.68,90.83,45559582
AMZN,2023-02-15,91.05,91.74,90.57,91.57,71124334
AMZN,2023-02-16,91.53,92.04,88.96,89.55,49801655
AMZN,2023-02-17,88.87,90.92,85.01,87.63,65306328
AMZN,2023-02-20,87.65,87.98,85.87,86.64,44251673
AMZN,2023-02-21,86.7,87.62,85.48,86.54,82480821
AMZN,2023-02-22,86.52,86.83,83.68,84.39,77275455
AMZN,2023-02-23,84.41,85.64,83.45,83.69,54267776
AMZN,2023-02-24,84.37,84.77,82.69,83.4,73185766
AMZN,2023-02-27,82.71,83.97,82.48,83.7,74554747
AMZN,2023-02-28,83.23,84.65,83.04,84.55,72197170
AMZN,2023-03-01,84.06,85.17,78.43,79.22,73556510
AMZN,2023-03-02,81.13,81.76,77.12,77.32,76302600
AMZN,2023-03-03,77.93,78.01,71.88,72.34,76049514
AMZN,2023-03-06,72.11,72.33,70.28,71.14,48971227
AMZN,2023-03-07,71.39,71.94,71.18,71.88,56734250
AMZN,2023-03-08,72.46,72.9,70.68,71.56,54151996
AMZN,2023-03-09,72.49,73.45,71.19,71.28,45999456
AMZN,2023-03-10,71.09,75.79,70.13,74.01,78415998
AMZN,2023-03-13,74.71,76.35,73.67,76.35,76796235
AMZN,2023-03-14,75.6,77.47,75.54,76.59,53286120
AMZN,2023-03-15,76.87,77.8,74.06,75.07,45909980
AMZN,2023-03-16,75.03,75.61,73.56,73.8,81910671
AMZN,2023-03-17,73.83,73.99,72.77,73.81,72699141
AMZN,2023-03-20,74.0,74.15,71.37,71.55,64445827
AMZN,2023-03-21,72.04,72.16,71.45,71.94,76790431
AMZN,2023-03-22,72.47,73.14,70.62,70.91,56437064
AMZN,2023-03-23,70.78,71.66,70.12,70.76,61302434
AMZN,2023-03-24,71.41,73.02,71.4,73.0,82237334
AMZN,2023-03-27,73.7,74.42,73.01,73.78,48677053
AMZN,2023-03-28,73.62,75.3,73.21,75.02,57617438
AMZN,2023-03-29,74.85,76.35,74.51,75.9,71376537
AMZN,2023-03-30,76.63,76.64,76.17,76.2,62025881
AMZN,2023-03-31,76.47,77.11,76.39,77.07,71215078
AMZN,2023-04-03,75.69,79.53,75.52,79.2,44974788
AMZN,2023-04-04,79.77,80.26,76.82,77.17,79001537
AMZN,2023-04-05,77.84,79.15,77.47,79.14,83703486
AMZN,2023-04-06,79.64,81.57,79.59,80.54,60484175
AMZN,2023-04-07,79.8,80.59,79.21,80.17,70835779
AMZN,2023-04-10,80.0,81.67,79.31,80.71,66762104
AMZN,2023-04-11,81.62,81.78,77.03,77.37,53632641
AMZN,2023-04-12,77.7,80.07,77.15,79.3,74716725
AMZN,2023-04-13,78.35,78.67,77.64,78.13,63745463
AMZN,2023-04-14,78.08,78.14,75.13,75.34,79712327
AMZN,2023-04-17,75.18,77.87,74.67,77.26,66945050
AMZN,2023-04-18,77.01,78.58,72.59,72.71,47543280
AMZN,2023-04-19,72.23,74.76,71.51,74.1,74034489
AMZN,2023-04-20,73.86,77.09,73.83,76.84,53011781
AMZN,2023-04-21,76.88,77.68,76.1,77.48,68399969
AMZN,2023-04-24,77.48,77.56,75.52,75.78,64535722
AMZN,2023-04-25,75.51,75.8,74.11,74.84,50534294
AMZN,2023-04-26,74.27,76.36,73.68,75.63,77050111
AMZN,2023-04-27,75.46,75.8,74.41,75.43,77551660
AMZN,2023-04-28,75.51,76.82,75.22,76.15,67570960
AMZN,2023-05-01,76.92,76.94,74.88,75.21,71731825
AMZN,2023-05-02,74.93,75.74,74.7,74.97,74885458
AMZN,2023-05-03,74.68,75.65,73.86,74.85,53288108
AMZN,2023-05-04,74.29,78.26,74.07,77.05,53423184
AMZN,2023-05-05,77.36,79.82,77.23,79.57,61118306
AMZN,2023-05-08,80.05,80.67,78.05,78.32,52714875
AMZN,2023-05-09,78.73,80.27,78.24,80.18,63370645
AMZN,2023-05-10,80.47,83.66,79.67,83.63,58085137
AMZN,2023-05-11,84.66,86.8,83.92,86.2,80385802
AMZN,2023-05-12,85.61,86.49,84.91,86.15,72252092
AMZN,2023-05-15,86.38,87.01,85.48,86.12,79881522
AMZN,2023-05-16,87.05,89.56,86.83,87.66,44894910
AMZN,2023-05-17,87.76,88.15,85.64,86.2,65229838
AMZN,2023-05-18,86.22,88.14,85.97,87.54,68154136
AMZN,2023-05-19,87.71,89.04,85.05,85.1,50207741
AMZN,2023-05-22,84.54,87.73,84.46,87.73,59221516
AMZN,2023-05-23,88.26,89.11,86.65,87.99,81941591
AMZN,2023-05-24,88.0,91.64,86.99,90.89,46365858
AMZN,2023-05-25,90.81,91.09,89.5,89.51,83872289
AMZN,2023-05-26,89.26,90.85,88.46,89.37,63829887
AMZN,2023-05-29,88.83,89.19,88.78,88.86,46014234
AMZN,2023-05-30,89.67,92.28,89.21,91.35,60269280
AMZN,2023-05-31,91.25,92.91,90.55,92.86,75634306
AMZN,2023-06-01,91.91,92.19,91.32,91.92,45136872
AMZN,2023-06-02,92.93,93.43,92.69,93.02,48903749
AMZN,2023-06-05,93.15,95.22,90.59,91.05,50720721
AMZN,2023-06-06,91.49,91.83,90.24,90.56,70814303
AMZN,2023-06-07,89.74,93.54,89.36,92.05,55767333
AMZN,2023-06-08,92.3,94.02,91.53,93.41,70441701
AMZN,2023-06-09,95.29,96.13,92.92,93.08,60992449
AMZN,2023-06-12,92.61,94.58,92.26,93.14,47871307
AMZN,2023-06-13,93.23,97.51,93.18,97.06,76594283
AMZN,2023-06-14,97.71,98.41,94.17,95.04,52870467
AMZN,2023-06-15,94.92,96.94,94.21,95.28,60624115
AMZN,2023-06-16,96.27,98.87,95.6,98.5,43793245
AMZN,2023-06-19,98.6,100.04,96.59,97.3,58589944
AMZN,2023-06-20,97.48,100.86,96.95,100.57,49860346
AMZN,2023-06-21,101.92,103.14,99.54,99.8,52322960
AMZN,2023-06-22,100.45,100.75,99.15,99.25,53750591
AMZN,2023-06-23,99.58,101.09,98.87,100.28,68491684
AMZN,2023-06-26,99.16,103.18,99.06,101.62,57082708
AMZN,2023-06-27,101.41,102.31,98.69,99.23,58312013
AMZN,2023-06-28,99.75,100.49,97.92,100.13,74698607
AMZN,2023-06-29,100.86,108.13,100.58,106.56,83983441
AMZN,2023-06-30,106.51,108.12,105.89,107.71,76283976
AMZN,2023-07-03,107.59,109.16,107.57,108.49,77553213
AMZN,2023-07-04,107.85,110.22,106.3,109.23,49396215
AMZN,2023-07-05,108.51,109.19,103.73,105.68,43184675
AMZN,2023-07-06,104.07,105.16,103.58,104.04,49905813
AMZN,2023-07-07,103.93,109.66,103.89,108.84,62598329
AMZN,2023-07-10,109.12,110.63,107.97,110.4,42028706
AMZN,2023-07-11,110.16,112.98,109.03,111.91,80588793
AMZN,2023-07-12,111.37,114.53,111.19,113.22,80523414
AMZN,2023-07-13,111.79,115.69,109.87,114.05,57690812
AMZN,2023-07-14,113.78,117.19,113.28,116.49,47730970
AMZN,2023-07-17,118.06,120.71,115.51,120.01,69265571
AMZN,2023-07-18,121.86,124.16,119.55,123.29,75053655
AMZN,2023-07-19,124.36,124.78,123.16,123.99,70916934
AMZN,2023-07-20,124.94,129.75,124.09,127.16,58447259
AMZN,2023-07-21,127.08,136.08,126.77,134.51,80683605
AMZN,2023-07-24,134.38,139.26,133.27,136.67,47907021
AMZN,2023-07-25,136.01,137.43,135.93,136.71,79183450
AMZN,2023-07-26,137.46,142.49,135.52,140.83,60758457
AMZN,2023-07-27,141.53,142.4,140.33,140.72,46537453
AMZN,2023-07-28,140.73,144.25,137.48,143.89,79151183
AMZN,2023-07-31,143.93,144.49,140.76,140.92,62138548
SPY,2023-01-03,383.86,388.93,383.1,388.61,60127725
SPY,2023-01-04,387.89,392.03,384.77,390.58,60155222
SPY,2023-01-05,391.48,392.73,389.72,392.53,106294953
SPY,2023-01-06,393.32,398.04,392.26,396.8,57735619
SPY,2023-01-09,396.57,399.77,396.04,399.12,61670437
SPY,2023-01-10,399.79,400.83,397.61,400.08,96878544
SPY,2023-01-11,400.95,400.99,399.66,400.12,88019109
SPY,2023-01-12,399.59,402.53,398.42,401.55,72494769
SPY,2023-01-13,400.3,400.4,398.99,399.3,65566602
SPY,2023-01-16,399.73,400.42,398.2,399.23,78258171
SPY,2023-01-17,399.34,400.85,393.32,394.28,66353348
SPY,2023-01-18,393.61,398.21,393.24,397.16,82043245
SPY,2023-01-19,398.0,400.22,397.0,397.9,93378233
SPY,2023-01-20,398.41,404.75,397.43,401.04,89024680
SPY,2023-01-23,400.35,400.98,393.48,394.83,85988807
SPY,2023-01-24,393.93,399.05,392.84,397.85,60421482
SPY,2023-01-25,396.87,405.92,396.83,402.81,100825218
SPY,2023-01-26,401.45,403.22,399.24,400.91,65681222
SPY,2023-01-27,400.63,411.12,399.93,410.84,79708994
SPY,2023-01-30,410.75,417.21,410.71,415.11,102710054
SPY,2023-01-31,417.57,418.05,414.75,415.04,77733552
SPY,2023-02-01,415.64,415.91,411.1,412.72,104914110
SPY,2023-02-02,411.2,415.77,410.98,414.23,79208774
SPY,2023-02-03,415.42,417.71,411.88,417.52,107795977
SPY,2023-02-06,417.32,417.74,414.44,416.25,75256674
SPY,2023-02-07,416.84,418.89,413.28,413.46,58098077
SPY,2023-02-08,414.07,415.85,412.02,413.46,58171821
SPY,2023-02-09,412.82,416.55,410.37,416.36,107566759
SPY,2023-02-10,416.22,417.82,415.06,417.3,71699412
SPY,2023-02-13,417.39,419.86,410.11,411.84,63525589
SPY,2023-02-14,411.65,416.67,410.61,416.13,79339272
SPY,2023-02-15,415.56,416.23,412.29,414.99,97492908
SPY,2023-02-16,412.74,416.55,411.13,415.77,64902456
SPY,2023-02-17,417.01,418.94,412.25,414.44,105242625
SPY,2023-02-20,414.57,418.59,412.1,417.17,69971454
SPY,2023-02-21,417.85,418.19,408.29,409.42,102116352
SPY,2023-02-22,409.37,409.63,404.27,404.52,76858138
SPY,2023-02-23,404.14,405.47,401.55,402.95,75586554
SPY,2023-02-24,404.93,407.26,402.7,407.25,71963885
SPY,2023-02-27,407.68,411.09,404.26,405.92,103998226
SPY,2023-02-28,404.6,404.78,401.46,402.94,57122932
SPY,2023-03-01,401.12,407.63,400.94,404.43,92252807
SPY,2023-03-02,404.35,404.41,401.72,404.37,73105743
SPY,2023-03-03,404.05,411.07,403.4,409.8,75527715
SPY,2023-03-06,411.04,412.26,407.61,410.08,78240542
SPY,2023-03-07,410.87,415.44,408.44,413.94,76956866
SPY,2023-03-08,412.72,412.93,410.52,411.2,59574875
SPY,2023-03-09,411.08,417.56,410.2,416.81,95821251
SPY,2023-03-10,416.22,421.12,414.16,419.61,106382474
SPY,2023-03-13,417.69,424.08,416.39,422.27,94122322
SPY,2023-03-14,420.63,422.79,420.61,421.61,79439678
SPY,2023-03-15,421.81,422.33,419.26,421.17,66635248
SPY,2023-03-16,420.37,423.7,419.8,421.11,106765484
SPY,2023-03-17,419.92,421.55,416.93,419.32,105083707
SPY,2023-03-20,419.79,421.18,418.95,420.37,101267256
SPY,2023-03-21,419.65,421.49,418.41,420.9,61000790
SPY,2023-03-22,422.38,423.32,414.91,417.39,74553759
SPY,2023-03-23,418.33,419.34,416.16,417.52,104518028
SPY,2023-03-24,416.16,418.99,408.7,410.04,84026732
SPY,2023-03-27,409.24,412.95,408.77,412.8,103837427
SPY,2023-03-28,413.37,416.38,412.33,414.75,106770772
SPY,2023-03-29,415.01,415.57,409.42,411.94,83304527
SPY,2023-03-30,411.43,411.53,410.59,410.7,71317560
SPY,2023-03-31,410.03,411.35,408.33,411.19,98759873
SPY,2023-04-03,412.0,416.89,410.88,415.87,110058359
SPY,2023-04-04,416.08,416.53,414.06,415.43,56788318
SPY,2023-04-05,417.34,418.16,410.58,412.66,91094468
SPY,2023-04-06,414.37,414.81,412.38,413.03,77478826
SPY,2023-04-07,412.67,413.23,410.34,411.45,72286356
SPY,2023-04-10,409.97,412.71,407.34,411.09,111746454
SPY,2023-04-11,413.08,413.69,406.31,407.04,109092723
SPY,2023-04-12,406.49,410.93,404.15,410.61,63347523
SPY,2023-04-13,409.14,411.14,407.91,410.45,92430261
SPY,2023-04-14,410.98,418.2,409.15,418.13,58720869
SPY,2023-04-17,418.07,424.17,417.82,424.0,94625985
SPY,2023-04-18,424.56,426.22,420.61,421.11,64575117
SPY,2023-04-19,419.6,420.34,417.49,419.64,93099046
SPY,2023-04-20,421.17,423.03,417.17,419.33,61875197
SPY,2023-04-21,418.77,419.84,418.3,419.3,67124213
SPY,2023-04-24,420.14,421.56,419.99,420.55,95392458
SPY,2023-04-25,420.86,421.89,420.56,420.58,108254963
SPY,2023-04-26,420.65,422.34,417.74,420.78,102773001
SPY,2023-04-27,420.22,421.75,419.1,420.07,96519562
SPY,2023-04-28,420.59,423.28,416.09,422.74,72577242
SPY,2023-05-01,422.86,423.06,421.0,421.38,72271761
SPY,2023-05-02,420.45,422.81,419.78,422.76,98459424
SPY,2023-05-03,423.39,430.72,422.59,430.23,76021534
SPY,2023-05-04,430.85,431.34,425.11,425.58,101638000
SPY,2023-05-05,426.64,428.7,426.35,427.51,77600067
SPY,2023-05-08,425.84,433.58,423.64,431.93,62331167
SPY,2023-05-09,431.55,432.69,431.23,431.83,79297552
SPY,2023-05-10,430.7,431.13,425.42,426.29,77266043
SPY,2023-05-11,426.51,427.68,423.37,426.05,110512896
SPY,2023-05-12,427.94,433.49,426.91,432.27,58574450
SPY,2023-05-15,433.28,433.94,430.12,432.37,98981608
SPY,2023-05-16,431.67,433.96,427.95,428.27,74944835
SPY,2023-05-17,428.01,429.88,421.43,422.69,69920311
SPY,2023-05-18,424.1,426.29,417.88,419.79,87267277
SPY,2023-05-19,419.76,421.94,419.07,421.39,103535352
SPY,2023-05-22,419.55,427.89,418.75,426.3,69489941
SPY,2023-05-23,426.23,428.23,424.06,427.85,78583511
SPY,2023-05-24,429.12,429.65,426.99,428.59,103968996
SPY,2023-05-25,428.78,431.03,427.06,427.1,61748026
SPY,2023-05-26,427.87,428.54,423.26,423.26,89835383
SPY,2023-05-29,422.6,423.63,421.17,421.22,93602564
SPY,2023-05-30,420.89,426.01,420.53,424.99,81449759
SPY,2023-05-31,424.4,426.6,420.02,420.39,96091156
SPY,2023-06-01,421.65,425.79,420.28,425.54,102473497
SPY,2023-06-02,425.33,431.36,425.0,428.98,58563574
SPY,2023-06-05,429.53,430.92,427.11,430.41,61989844
SPY,2023-06-06,429.93,431.33,428.19,428.84,81594576
SPY,2023-06-07,427.04,431.64,426.04,430.39,107891085
SPY,2023-06-08,429.07,433.67,427.4,433.43,92873574
SPY,2023-06-09,433.26,437.73,433.25,435.8,58720009
SPY,2023-06-12,434.91,444.92,434.71,443.03,107585089
SPY,2023-06-13,444.44,445.8,443.61,445.7,77694712
SPY,2023-06-14,444.23,445.81,439.31,439.35,110852042
SPY,2023-06-15,438.34,446.1,434.32,445.49,110347532
SPY,2023-06-16,445.68,447.8,442.5,443.79,97911904
SPY,2023-06-19,445.57,447.19,440.34,442.27,108388676
SPY,2023-06-20,441.68,442.62,439.91,440.83,75336440
SPY,2023-06-21,437.86,440.19,432.74,435.94,84218032
SPY,2023-06-22,434.96,436.19,433.99,435.1,82900715
SPY,2023-06-23,434.35,436.6,428.93,430.2,103117800
SPY,2023-06-26,432.39,433.07,427.11,428.86,57415239
SPY,2023-06-27,430.23,433.52,427.78,432.72,65012382
SPY,2023-06-28,433.58,434.85,430.37,432.39,72527871
SPY,2023-06-29,432.09,433.04,431.42,432.76,104609980
SPY,2023-06-30,430.43,432.69,428.44,432.59,69305346
SPY,2023-07-03,430.55,434.97,428.32,434.43,107883149
SPY,2023-07-04,436.34,437.68,427.13,427.33,86918977
SPY,2023-07-05,427.4,432.55,425.56,430.59,104726613
SPY,2023-07-06,428.35,435.68,426.21,435.04,98286031
SPY,2023-07-07,434.58,435.24,426.34,430.29,72473952
SPY,2023-07-10,431.87,433.59,430.98,433.22,84775423
SPY,2023-07-11,434.08,434.85,430.33,430.61,88703219
SPY,2023-07-12,431.65,431.88,429.98,430.85,64607389
SPY,2023-07-13,431.19,433.15,429.76,430.64,93065851
SPY,2023-07-14,430.73,432.44,423.85,425.94,73800104
SPY,2023-07-17,426.66,428.4,425.9,426.74,79292149
SPY,2023-07-18,426.62,426.81,424.4,425.44,74585476
SPY,2023-07-19,426.06,426.09,422.18,424.06,111811340
SPY,2023-07-20,421.17,431.49,421.05,429.2,80957365
SPY,2023-07-21,428.3,436.8,425.61,433.94,94222876
SPY,2023-07-24,436.29,437.75,430.02,430.54,86253289
SPY,2023-07-25,433.04,433.7,427.79,429.14,100957737
SPY,2023-07-26,429.26,430.07,427.79,428.39,84778103
SPY,2023-07-27,428.17,432.8,427.65,430.94,56410512
SPY,2023-07-28,431.63,437.04,428.55,436.58,79755729
SPY,2023-07-31,437.47,442.08,433.35,440.81,99411577
